[
  {
    "id":24,
    "source":0,
    "property_preprocess":false,
    "name":"migxrecipes_contentTpl",
    "description":"",
    "editor_type":0,
    "category":0,
    "cache_type":0,
    "locked":false,
    "properties":[
      
    ],
    "static":false,
    "static_file":"",
    "filename":"migxrecipes_contenttpl.chunk.html",
    "category_name":"migxRecipes"
  },
  {
    "id":25,
    "source":0,
    "property_preprocess":false,
    "name":"migxrecipes_ingredientTpl",
    "description":"",
    "editor_type":0,
    "category":0,
    "cache_type":0,
    "locked":false,
    "properties":[
      
    ],
    "static":false,
    "static_file":"",
    "filename":"migxrecipes_ingredienttpl.chunk.html",
    "category_name":"migxRecipes"
  },
  {
    "id":26,
    "source":0,
    "property_preprocess":false,
    "name":"migxrecipes_ingredientsGroupTpl",
    "description":"",
    "editor_type":0,
    "category":0,
    "cache_type":0,
    "locked":false,
    "properties":[
      
    ],
    "static":false,
    "static_file":"",
    "filename":"migxrecipes_ingredientsgrouptpl.chunk.html",
    "category_name":"migxRecipes"
  },
  {
    "id":27,
    "source":0,
    "property_preprocess":false,
    "name":"migxrecipes_instructionsGroupTpl",
    "description":"",
    "editor_type":0,
    "category":0,
    "cache_type":0,
    "locked":false,
    "properties":[
      
    ],
    "static":false,
    "static_file":"",
    "filename":"migxrecipes_instructionsgrouptpl.chunk.html",
    "category_name":"migxRecipes"
  },
  {
    "id":28,
    "source":0,
    "property_preprocess":false,
    "name":"migxrecipes_instructionTpl",
    "description":"",
    "editor_type":0,
    "category":0,
    "cache_type":0,
    "locked":false,
    "properties":[
      
    ],
    "static":false,
    "static_file":"",
    "filename":"migxrecipes_instructiontpl.chunk.html",
    "category_name":"migxRecipes"
  },
  {
    "id":29,
    "source":0,
    "property_preprocess":false,
    "name":"migxrecipes_nutritionTpl",
    "description":"",
    "editor_type":0,
    "category":0,
    "cache_type":0,
    "locked":false,
    "properties":null,
    "static":false,
    "static_file":"",
    "filename":"migxrecipes_nutritiontpl.chunk.html",
    "category_name":"migxRecipes"
  }
]