[
  {
    "id":51,
    "source":0,
    "property_preprocess":false,
    "name":"migxrecipes_aftergetfields",
    "description":"",
    "editor_type":0,
    "category":0,
    "cache_type":0,
    "locked":false,
    "properties":null,
    "moduleguid":"",
    "static":false,
    "static_file":"",
    "filename":"migxrecipes_aftergetfields.snippet.php",
    "category_name":"migxRecipes"
  },
  {
    "id":52,
    "source":0,
    "property_preprocess":false,
    "name":"migxrecipes_checkType",
    "description":"",
    "editor_type":0,
    "category":0,
    "cache_type":0,
    "locked":false,
    "properties":null,
    "moduleguid":"",
    "static":false,
    "static_file":"",
    "filename":"migxrecipes_checktype.snippet.php",
    "category_name":"migxRecipes"
  },
  {
    "id":53,
    "source":0,
    "property_preprocess":false,
    "name":"migxrecipes_generateContent",
    "description":"",
    "editor_type":0,
    "category":0,
    "cache_type":0,
    "locked":false,
    "properties":null,
    "moduleguid":"",
    "static":false,
    "static_file":"",
    "filename":"migxrecipes_generatecontent.snippet.php",
    "category_name":"migxRecipes"
  },
  {
    "id":58,
    "source":0,
    "property_preprocess":false,
    "name":"migxrecipes_getNutrition",
    "description":"",
    "editor_type":0,
    "category":0,
    "cache_type":0,
    "locked":false,
    "properties":null,
    "moduleguid":"",
    "static":false,
    "static_file":"",
    "filename":"migxrecipes_getnutrition.snippet.php",
    "category_name":"migxRecipes"
  },
  {
    "id":57,
    "source":0,
    "property_preprocess":false,
    "name":"migxrecipes_getTagOptions",
    "description":"",
    "editor_type":0,
    "category":0,
    "cache_type":0,
    "locked":false,
    "properties":null,
    "moduleguid":"",
    "static":false,
    "static_file":"",
    "filename":"migxrecipes_gettagoptions.snippet.php",
    "category_name":"migxRecipes"
  }
]